{
  "acura": "1000001",
  "alfaromeo": "1000002",
  "amgeneral": "1000003",
  "americanmotors": "1000160",
  "astonmartin": "1000005",
  "audi": "1000007",
  "austinhealey": "12",
  "bentley": "1000010",
  "bmw": "1000012",
  "buick": "1000014",
  "cadillac": "1000015",
  "chevrolet": "1000016",
  "chrysler": "1000017",
  "daewoo": "1000019",
  "daihatsu": "1000020",
  "datsun": "1000021",
  "dcxsprinter": "1000022",
  "dodge": "1000023",
  "eagle": "1000024",
  "ferrari": "1000025",
  "fiat": "1000026",
  "fisker": "1000027",
  "ford": "1000028",
  "freightliner": "1000029",
  "genesis": "1000161",
  "geo": "1000033",
  "globalelectricmotors": "1000137",
  "gm": "51",
  "gmc": "1000034",
  "honda": "1000035",
  "hummer": "1000036",
  "hyundai": "1000037",
  "infiniti": "1000039",
  "international": "1000040",
  "isuzu": "1000041",
  "jaguar": "1000043",
  "jeep": "1000044",
  "jensen": "65",
  "johndeere": "1000045",
  "kenworth": "67",
  "kia": "1000046",
  "lada": "1000047",
  "lamborghini": "1000049",
  "landrover": "1000051",
  "lexus": "1000052",
  "lincoln": "1000053",
  "lotus": "1000054",
  "maserati": "1000055",
  "mazda": "1000057",
  "mclaren": "1000058",
  "mclarenautomotive": "1000140",
  "mercedesbenz": "1000141",
  "mercedes-benz": "1000059",
  "mercury": "1000060",
  "mg": "85",
  "mini": "1000062",
  "mitsubishi": "1000063",
  "nissan": "1000064",
  "oldsmobile": "1000066",
  "opel": "91",
  "passport": "1000068",
  "plymouth": "1000070",
  "pontiac": "1000071",
  "porsche": "1000072",
  "ram": "1000073",
  "rollsroyce": "102",
  "rolls-royce": "1000076",
  "saab": "1000077",
  "saturn": "1000078",
  "scion": "1000079",
  "shelby": "109",
  "smart": "1000081",
  "studebaker": "116",
  "subaru": "1000085",
  "suzuki": "1000086",
  "tesla": "1000087",
  "teslamotors": "120",
  "toyota": "1000088",
  "triumph": "1000089",
  "volkswagen": "1000091",
  "volvo": "1000092",
  "workhorsecustomchassis": "1000150",
  "yamaha": "131"
}